{"cameraMode":{"drawMode":0,"name":"Shaded","section":"Shading Mode"},"sceneLighting":true,"audioPlay":false,"sceneViewState":{"m_AlwaysRefresh":false,"showFog":true,"showSkybox":true,"showFlares":true,"showImageEffects":true,"showParticleSystems":true,"showVisualEffectGraphs":true,"m_FxEnabled":true},"in2DMode":false,"pivot":{"x":-0.7451872825622559,"y":49.669517517089847,"z":-82.8843994140625},"rotation":{"x":-0.12819617986679078,"y":-0.10719021409749985,"z":0.013934744521975518,"w":-0.9858559966087341},"size":16.239810943603517,"orthographic":false}